total_users_rmse,total_users_r2
1157.0116992954718,0.8106082217849985
